customer_id,customer_name,city,segment,account_type,status,date_of_birth,account_opening_date,account_balance,monthly_income,transaction_count
C1001,Rahul Sharma,Bhubaneswar,Retail,Savings,Active,27-11-1994,10-05-2021,370838,134879,61
C1002,Priya Das,Cuttack,Premium,Current,Inactive,23-11-2005,27-06-2023,142337,102498,24
C1003,Amit Kumar,Pune,Retail,Salary,Active,14-10-1997,13-08-2023,69820,15769,30
C1004,Sneha Patel,Mumbai,Retail,Savings,Active,10-01-1994,30-08-2025,272455,118355,21
C1005,Rakesh Nayak,Bangalore,Premium,Current,Closed,30-03-1978,04-04-2020,352449,145608,59
C1006,Anita Singh,Delhi,Premium,Savings,Active,11-05-1988,09-08-2024,135523,17747,15
C1007,Sanjay Rout,Bhubaneswar,Retail,Current,Inactive,09-07-1975,16-07-2020,72435,71886,64
C1008,Pooja Mishra,Cuttack,Premium,Salary,Active,09-03-1979,08-10-2020,494492,102313,4
C1009, Arun Sahu ,Pune,Retail,Savings,Active,27-01-1999,21-06-2025,244629,83148,2
C1010,Neha Panda,Mumbai,Retail,Current,Closed,28-02-2001,09-11-2024,387318,139358,44
C1011,Rahul Sharma,Bangalore,Premium,Savings,Active,05-06-2004,14-02-2021,377654,121530,78
C1012,Priya Das,Delhi,Premium,Current,Inactive,19-08-1983,09-05-2024,465337,34457,6
C1013,Amit Kumar,unknown,Retail,Salary,Active,01-08-2004,03-02-2022,320139,24692,63
C1014,Sneha Patel,Cuttack,Premium,Savings,Active,26-10-1993,29-04-2023,201769,52065,62
C1015,Rakesh Nayak,Pune,Retail,Current,Closed,22-09-1977,06-05-2025,430822,26534,72
C1016,Anita Singh, Mumbai ,Retail,Savings,Active,21-11-1995,29-06-2022,268160,70591,53
C1017,Sanjay Rout,Bangalore,Premium,Current,Inactive,19-05-1988,14-03-2025,222851,53044,15
C1018,Pooja Mishra,Delhi,Premium,Salary,Active,06-03-1975,29-09-2022,460808,148767,63
C1019,Arun Sahu,Bhubaneswar,Retail,Savings,Active,25-05-1989,03-03-2023,306648,82215,35
C1020,Neha Panda,Cuttack,Premium,Current,Closed,18-02-1991,28-03-2025,331649,119488,28
C1021,Rahul Sharma,Pune,Retail,Savings,Active,10-03-1992,20-07-2019,35535,128569,33
C1022,Priya Das,Mumbai,Retail,Current,Inactive,03-10-1994,17-05-2020,302366,92373,37
C1023,Amit Kumar,Bangalore,Premium,Salary,Active,24-06-1982,10-03-2024,278109,39538,35
C1024,Sneha Patel,Delhi,Premium,Savings,Active,04-11-1988,25-01-2023,163338,113806,14
C1025,Rakesh Nayak,Bhubaneswar,Retail,Current,Closed,24-10-1999,28-01-2020,398422,137409,77
C1026,Anita Singh,Cuttack,Premium,Savings,Active,07-07-1996,13-05-2021,233368,137096,52
C1027,Sanjay Rout,Pune,Retail,Current,Inactive,03-01-1989,06-04-2019,355083,120878,15
C1028,Pooja Mishra,Mumbai,Retail,Salary,Active,17-11-1983,24-06-2020,169899,77623,71
C1029,Arun Sahu,Bangalore,Premium,Savings,Active,22-02-2002,25-12-2023,48585,124225,45
C1030,Neha Panda,Delhi,Premium,Current,Closed,20-10-2001,06-03-2021,362403,40939,30
C1031,Rahul Sharma,Bhubaneswar,Retail,Savings,Active,08-11-2002,16-09-2022,23047,41105,62
C1032, Priya Das ,Cuttack,Premium,Current,Inactive,29-03-1995,09-11-2022,133376,107787,77
C1033,Amit Kumar,Pune,Retail,Salary,Active,21-01-1991,06-07-2022,456269,36959,27
C1034,Sneha Patel,Mumbai,Retail,Savings,Active,31-01-1987,11-06-2022,394803,88530,32
C1035,Rakesh Nayak,Bangalore,Premium,Current,Closed,04-02-1979,10-02-2022,318149,54353,52
C1036,Anita Singh,Delhi,Premium,Savings,Active,20-12-1987,25-06-2023,221688,108264,59
C1037,Sanjay Rout,Bhubaneswar,Retail,Current,Inactive,06-05-2003,02-01-2019,117859,127181,1
C1038,Pooja Mishra,Cuttack,Premium,Salary,Active,10-12-2006,20-07-2023,223164,65859,32
C1039,Arun Sahu,Pune,Retail,Savings,Active,05-03-2002,10-12-2022,199806,85467,55
C1040,Neha Panda,Mumbai,Retail,Current,Closed,22-07-1975,03-05-2019,410904,40342,38
C1041,Rahul Sharma,Bangalore,Premium,Savings,Active,,17-07-2019,94045,49698,16
C1042,Priya Das,Delhi,Premium,Current,Inactive,04-02-1999,21-02-2022,91202,66663,3
C1043,Amit Kumar,Bhubaneswar,Retail,Salary,Active,21-10-1976,09-05-2024,470298,139249,67
C1044,Sneha Patel,Cuttack,Premium,Savings,Active,30-10-1997,01-10-2023,219835,99896,40
C1045,Rakesh Nayak, Pune ,Retail,Current,Closed,08-10-1990,13-07-2025,278255,52504,11
C1046,Anita Singh,Mumbai,Retail,Savings,Active,30-04-1997,23-05-2024,52254,36918,42
C1047,Sanjay Rout,Bangalore,Premium,Current,Inactive,20-09-1975,23-11-2023,125975,111601,60
C1048,Pooja Mishra,Delhi,Premium,Salary,Active,11-08-1980,20-08-2022,380037,35932,37
C1049,Arun Sahu,Bhubaneswar,Retail,Savings,Active,07-08-1994,18-08-2024,274544,132858,19
C1050,Neha Panda,Cuttack,Premium,Current,Closed,05-03-1981,28-02-2022,9499,21295,54
C1051,Rahul Sharma,Pune,Retail,Savings,Active,02-03-2006,15-03-2021,279327,131336,72
C1052,Priya Das,Mumbai,Retail,Current,Inactive,02-03-1990,16-12-2022,189423,141063,25
C1053,Amit Kumar,Bangalore,Premium,Salary,Active,09-02-1983,03-04-2024,288501,134121,66
C1054,Sneha Patel,Delhi,Premium,Savings,Active,09-11-1982,14-08-2021,117296,109179,33
C1055,Rakesh Nayak,Bhubaneswar,Retail,Current,Closed,09-08-1990,02-02-2020,358556,73871,8
C1056,Anita Singh,unknown,Premium,Savings,Active,03-05-1978,05-02-2020,337415,59064,48
C1057,Sanjay Rout,Pune,Retail,Current,Inactive,22-06-1987,12-08-2021,176890,34830,22
C1058,Pooja Mishra,Mumbai,Retail,Salary,Active,15-11-1993,21-08-2023,478125,62333,51
C1059,Arun Sahu,Bangalore,Premium,Savings,Active,26-03-2004,05-12-2023,155810,45746,21
C1060,Neha Panda,Delhi,Premium,Current,Closed,25-05-1988,20-05-2025,438006,122455,69
C1061,Rahul Sharma,Bhubaneswar,Retail,Savings,Active,29-10-2005,26-03-2021,50714,117946,64
C1062,Priya Das,Cuttack,Premium,Current,Inactive,21-12-2005,17-01-2019,192563,139123,30
C1063,Amit Kumar,Pune,Retail,Salary,Active,04-05-2004,05-12-2021,303356,58525,37
C1064,Sneha Patel,Mumbai,Retail,Savings,Active,16-05-1981,29-10-2019,443452,130294,60
C1065,Rakesh Nayak,Bangalore,Premium,Current,Closed,06-12-1988,13-02-2022,70726,130668,32
C1066,Anita Singh,Delhi,Premium,Savings,Active,16-09-1991,30-03-2022,123015,41641,25
C1067,Sanjay Rout,Bhubaneswar,Retail,Current,Inactive,11-01-1991,23-07-2020,370890,51631,32
C1068,Pooja Mishra,Cuttack,Premium,Salary,Active,28-12-1985,14-08-2023,302921,82215,27
C1069,Arun Sahu,Pune,Retail,Savings,Active,17-05-2004,10-11-2022,181089,120864,43
C1070,Neha Panda,Mumbai,Retail,Current,Closed,08-02-1995,09-02-2023,10801,44592,24
C1071,Rahul Sharma,Bangalore,Premium,Savings,Active,12-11-1998,10-03-2023,253710,125627,45
C1072,Priya Das,Delhi,Premium,Current,Inactive,26-06-1981,04-02-2020,474645,102922,15
C1073, Amit Kumar ,Bhubaneswar,Retail,Salary,Active,17-03-1991,05-06-2024,235229,133834,25
C1074,Sneha Patel,Cuttack,Premium,Savings,Active,27-04-1985,28-07-2020,131141,37677,58
C1075,Rakesh Nayak,Pune,Retail,Current,Closed,24-07-1995,10-06-2025,75313,142813,15
C1076,Anita Singh,Mumbai,Retail,Savings,Active,27-10-1981,30-04-2025,417724,0,5
C1077,Sanjay Rout,Bangalore,Premium,Current,Inactive,19-04-1989,04-05-2022,452237,88523,16
C1078,Pooja Mishra,Delhi,Premium,Salary,Active,24-03-1987,27-09-2020,350757,101672,63
C1079,Arun Sahu,Bhubaneswar,Retail,Savings,Active,29-06-2007,17-12-2021,379710,40945,62
C1080,Neha Panda,Cuttack,Premium,Current,Closed,09-10-1982,24-02-2022,225552,115235,1
C1081,Rahul Sharma,Pune,Retail,Savings,Active,17-12-1977,25-09-2020,284040,145798,34
C1082,Priya Das,Mumbai,Retail,Current,Inactive,15-05-1996,15-02-2022,25056,129548,1
C1083,Amit Kumar,Bangalore,Premium,Salary,Active,26-02-1984,27-04-2022,451438,44375,63
C1084,Sneha Patel,Delhi,Premium,Savings,Active,03-08-1976,13-04-2025,471882,82215,51
C1085,Rakesh Nayak,Bhubaneswar,Retail,Current,Closed,10-11-1994,28-05-2022,452556,93832,62
C1086,Anita Singh,Cuttack,Premium,Savings,Active,21-10-2005,28-03-2020,231507,58919,48
C1087,Sanjay Rout,Pune,Retail,Current,Inactive,02-10-1992,04-07-2020,489963,71573,23
C1088,Pooja Mishra,Mumbai,Retail,Salary,Active,07-02-1991,17-11-2023,365260,112379,34
C1089,Arun Sahu,Bangalore,Premium,Savings,Active,01-05-2006,25-10-2025,276967,56975,69
C1090,Neha Panda,Delhi,Premium,Current,Closed,17-08-1987,02-12-2019,371326,109704,32
C1091,Rahul Sharma,Bhubaneswar,Retail,Savings,Active,20-02-2007,18-07-2020,154143,26938,33
C1092,Priya Das,Cuttack,Premium,Current,Inactive,14-12-1985,14-08-2021,368186,108610,12
C1093,Amit Kumar,Pune,Retail,Salary,Active,28-11-1996,11-12-2022,336593,97986,44
C1094,Sneha Patel,Mumbai,Retail,Savings,Active,29-12-1986,10-09-2025,233368,53494,46
C1095,Rakesh Nayak,Bangalore,Premium,Current,Closed,26-05-2004,23-01-2021,105386,42350,8
C1096,Anita Singh,Delhi,Premium,Savings,Active,23-06-1993,14-06-2023,212869,80953,7
C1097,Sanjay Rout,Bhubaneswar,Retail,Current,Inactive,12-12-1983,05-04-2021,356732,53513,75
C1098,Pooja Mishra,Cuttack,Premium,Salary,Active,17-02-1976,29-12-2020,65692,59425,73
C1099,Arun Sahu,Pune,Retail,Savings,Active,15-02-1983,17-02-2025,119352,98042,36
C1100,Neha Panda,Mumbai,Retail,Current,Closed,21-11-1988,05-10-2021,201582,76476,12
C1101,Rahul Sharma,Bangalore,Premium,Savings,Active,02-06-1984,29-03-2023,179358,127856,30
C1102,Priya Das, Delhi ,Premium,Current,Inactive,22-01-1999,18-03-2024,398944,134180,59
C1103,Amit Kumar,Bhubaneswar,Retail,Salary,Active,04-09-1994,02-02-2025,84459,74163,78
C1104,Sneha Patel,Cuttack,Premium,Savings,Active,14-08-1982,30-04-2021,459137,20486,16
C1105,Rakesh Nayak,Pune,Retail,Current,Closed,20-08-1988,31-01-2020,225184,102508,53
C1106,Anita Singh,Mumbai,Retail,Savings,Active,02-04-2006,13-03-2022,294336,16062,53
C1107,Sanjay Rout,Bangalore,Premium,Current,Inactive,17-02-1989,24-04-2022,278318,103461,5
C1108,Pooja Mishra,Delhi,Premium,Salary,Active,26-01-1995,23-05-2022,79460,117634,75
C1109,Arun Sahu,Bhubaneswar,Retail,Savings,Active,15-08-1993,20-01-2021,208339,16542,46
C1110,Neha Panda,Cuttack,Premium,Current,Closed,06-04-1978,26-01-2025,198928,108105,27
C1111,Rahul Sharma,Pune,Retail,Savings,Active,05-05-1982,02-05-2022,219532,45000,37
C1112,Priya Das,Mumbai,Retail,Current,Inactive,,14-07-2025,33295,28807,65
C1113,Amit Kumar,Bangalore,Premium,Salary,Active,27-09-1978,14-05-2020,490008,147396,4
C1114,Sneha Patel,Delhi,Premium,Savings,Active,07-06-2002,16-12-2023,208196,41790,74
C1115,Rakesh Nayak,Bhubaneswar,Retail,Current,Closed,14-05-1991,08-02-2019,20485,59482,45
C1116,Anita Singh,Cuttack,Premium,Savings,Active,01-01-1988,23-01-2021,145507,18709,58
C1117,Sanjay Rout,Pune,Retail,Current,Inactive,14-02-1993,31-03-2020,411332,57918,1
C1118,Pooja Mishra,Mumbai,Retail,Salary,Active,17-11-1992,19-06-2024,347363,76629,63
C1119,Arun Sahu,Bangalore,Premium,Savings,Active,12-03-1979,03-04-2021,218920,118333,6
C1120,Neha Panda,Delhi,Premium,Current,Closed,06-10-1980,15-11-2020,134695,49620,47
C1121,Rahul Sharma,unknown,Retail,Savings,Active,07-06-1986,22-07-2019,212611,36732,36
C1122,Priya Das,Cuttack,Premium,Current,Inactive,07-11-2000,10-08-2023,280987,129065,47
C1123,Amit Kumar,Pune,Retail,Salary,Active,10-06-1978,30-03-2023,264214,67638,1
C1124,Sneha Patel,Mumbai,Retail,Savings,Active,02-04-2001,15-04-2020,160576,93859,74
C1125,Rakesh Nayak,Bangalore,Premium,Current,Closed,18-01-2005,25-08-2021,488685,140899,24
C1126,Anita Singh,Delhi,Premium,Savings,Active,29-10-1976,08-01-2020,165775,24337,36
C1127,Sanjay Rout,Bhubaneswar,Retail,Current,Inactive,08-03-1985,23-06-2020,425571,142016,64
C1128,Pooja Mishra,Cuttack,Premium,Salary,Active,18-07-1991,09-05-2022,345896,70284,77
C1129,Arun Sahu,Pune,Retail,Savings,Active,11-08-1982,13-07-2021,32532,137402,6
C1130,Neha Panda,Mumbai,Retail,Current,Closed,23-08-1990,13-09-2019,468556,65990,25
C1131,Rahul Sharma,Bangalore,Premium,Savings,Active,10-01-1975,08-03-2021,-5000,71570,5
C1132,Priya Das,Delhi,Premium,Current,Inactive,12-10-1977,30-12-2023,66813,42712,18
C1133,Amit Kumar,Bhubaneswar,Retail,Salary,Active,15-01-1998,16-06-2022,117816,143778,26
C1134,Sneha Patel,Cuttack,Premium,Savings,Active,21-05-1986,25-05-2022,287453,21970,27
C1135,Rakesh Nayak,Pune,Retail,Current,Closed,06-02-1988,24-01-2023,156456,33017,1
C1136,Anita Singh,Mumbai,Retail,Savings,Active,09-02-1976,01-06-2020,279907,113142,5
C1137,Sanjay Rout,Bangalore,Premium,Current,Inactive,26-05-1991,31-12-2022,290718,38524,53
C1138,Pooja Mishra,Delhi,Premium,Salary,Active,20-11-2004,14-12-2020,168273,136288,1
C1139,Arun Sahu,Bhubaneswar,Retail,Savings,Active,02-02-1988,17-12-2020,324235,36949,65
C1140,Neha Panda,Cuttack,Premium,Current,Closed,16-08-1988,02-05-2020,375463,107193,72
C1141,Rahul Sharma,Pune,Retail,Savings,Active,27-09-2001,10-01-2025,194089,76877,3
C1142,Priya Das,Mumbai,Retail,Current,Inactive,12-12-1986,07-06-2024,120765,88963,5
C1143,Amit Kumar,Bangalore,Premium,Salary,Active,29-09-2005,01-02-2021,178880,34198,47
C1144,Sneha Patel,Delhi,Premium,Savings,Active,28-05-2006,06-06-2022,306908,92709,66
C1145,Rakesh Nayak,Bhubaneswar,Retail,Current,Closed,29-03-2003,10-03-2020,326638,96317,64
C1146,Anita Singh,Cuttack,Premium,Savings,Active,03-11-1993,22-08-2022,322537,82215,51
C1147,Sanjay Rout,Pune,Retail,Current,Inactive,14-12-2002,24-08-2022,361600,68413,79
C1148,Pooja Mishra,Mumbai,Retail,Salary,Active,02-01-1989,25-06-2020,75390,58088,5
C1149,Arun Sahu,Bangalore,Premium,Savings,Active,24-05-1988,18-05-2019,322623,34963,69
C1150,Neha Panda,Delhi,Premium,Current,Closed,12-07-2004,01-10-2024,10569,84836,43
C1151,Rahul Sharma,Bhubaneswar,Retail,Savings,Active,21-03-1980,28-11-2024,415360,39071,4
C1152,Priya Das,Cuttack,Premium,Current,Inactive,01-07-2005,16-09-2023,177312,116570,27
C1153,Amit Kumar,Pune,Retail,Salary,Active,20-06-1986,02-11-2020,342841,43732,51
C1154,Sneha Patel,Mumbai,Retail,Savings,Active,23-09-1995,25-10-2021,485721,126195,42
C1155,Rakesh Nayak,Bangalore,Premium,Current,Closed,05-09-1985,29-11-2022,44749,145560,5
C1156,Anita Singh,Delhi,Premium,Savings,Active,16-06-1992,07-06-2020,154849,66745,49
C1157,Sanjay Rout,Bhubaneswar,Retail,Current,Inactive,25-03-2002,11-01-2024,217890,38624,26
C1158,Pooja Mishra,Cuttack,Premium,Salary,Active,19-09-2003,25-09-2024,403456,133831,61
C1159,Arun Sahu,Pune,Retail,Savings,Active,19-02-1987,15-11-2021,69291,142600,52
C1160,Neha Panda,Mumbai,Retail,Current,Closed,01-01-2005,30-10-2019,480774,146127,14
C1161,Rahul Sharma,Bangalore,Premium,Savings,Active,25-04-1997,26-10-2024,49247,120113,0
C1162,Priya Das,Delhi,Premium,Current,Inactive,13-01-1989,23-10-2021,285174,97838,18
C1163,Amit Kumar,Bhubaneswar,Retail,Salary,Active,04-01-1996,21-03-2024,171926,61271,28
C1164,Sneha Patel,Cuttack,Premium,Savings,Active,20-05-1999,28-11-2021,252736,65448,44
C1165,Rakesh Nayak,Pune,Retail,Current,Closed,07-09-1987,01-01-2025,139668,124779,25
C1166,Anita Singh,Mumbai,Retail,Savings,Active,26-10-2001,08-03-2019,87152,140036,18
C1167,Sanjay Rout,Bangalore,Premium,Current,Inactive,04-05-2003,25-03-2025,31069,27910,8
C1168,Pooja Mishra,Delhi,Premium,Salary,Active,13-11-1993,08-10-2025,196076,63447,59
C1169,Arun Sahu,Bhubaneswar,Retail,Savings,Active,02-11-2002,20-06-2025,284404,127581,33
C1170,Neha Panda,Cuttack,Premium,Current,Closed,31-12-1978,13-05-2025,121421,16605,4
C1171,Rahul Sharma,Pune,Retail,Savings,Active,18-10-2006,25-07-2025,233368,139040,3
C1172,Priya Das,Mumbai,Retail,Current,Inactive,03-02-1998,29-11-2021,271468,91323,24
C1173,Amit Kumar,Bangalore,Premium,Salary,Active,17-08-1989,06-01-2019,127177,56427,75
C1174,Sneha Patel,Delhi,Premium,Savings,Active,09-06-1997,14-02-2024,243213,146189,51
C1175,Rakesh Nayak,Bhubaneswar,Retail,Current,Closed,23-03-1990,13-07-2019,5846,25954,8
C1176,Anita Singh,Cuttack,Premium,Savings,Active,17-04-1992,27-07-2023,142541,57101,68
C1177,Sanjay Rout,Pune,Retail,Current,Inactive,21-05-2002,24-12-2020,185448,142534,1
C1178,Pooja Mishra,Mumbai,Retail,Salary,Active,25-01-1992,15-10-2020,246983,57533,37
C1179,Arun Sahu,Bangalore,Premium,Savings,Active,01-04-1980,19-05-2019,37254,120292,3
C1180,Neha Panda,Delhi,Premium,Current,Closed,02-04-1985,20-06-2021,247353,80545,5
C1181,Rahul Sharma,Bhubaneswar,Retail,Savings,Active,14-07-1991,01-08-2023,400435,54809,13
C1182,Priya Das,Cuttack,Premium,Current,Inactive,23-06-1989,08-06-2023,13512,147414,73
C1183,Amit Kumar,Pune,Retail,Salary,Active,03-10-1982,17-06-2024,98070,94767,38
C1184,Sneha Patel,Mumbai,Retail,Savings,Active,04-01-2003,23-01-2022,373432,98524,62
C1185,Rakesh Nayak,Bangalore,Premium,Current,Closed,24-08-1975,23-05-2024,132309,82444,75
C1186,Anita Singh,Delhi,Premium,Savings,Active,23-05-1989,20-04-2023,253320,58925,60
C1187,Sanjay Rout,Bhubaneswar,Retail,Current,Inactive,18-04-1991,04-10-2022,13007,73596,14
C1188,Pooja Mishra,Cuttack,Premium,Salary,Active,02-01-1994,07-08-2022,353884,30524,5
C1189,Arun Sahu,Pune,Retail,Savings,Active,08-12-1982,19-03-2019,130501,35611,42
C1190,Neha Panda,Mumbai,Retail,Current,Closed,06-11-1980,15-09-2025,310447,54711,51
C1191,Rahul Sharma,Bangalore,Premium,Savings,Active,14-05-1996,05-10-2025,125000,117974,15
C1192,Priya Das,Delhi,Premium,Current,Inactive,23-02-2000,01-01-2025,170088,26246,66
C1193,Amit Kumar,Bhubaneswar,Retail,Salary,Active,20-06-1980,31-03-2021,434671,107263,51
C1194,Sneha Patel,Cuttack,Premium,Savings,Active,11-12-2005,24-05-2024,46157,69917,67
C1195,Rakesh Nayak,Pune,Retail,Current,Closed,17-04-1978,11-01-2023,455035,95910,29
C1196,Anita Singh,Mumbai,Retail,Savings,Active,22-10-1989,28-07-2024,30053,146994,36
C1197,Sanjay Rout,Bangalore,Premium,Current,Inactive,13-01-1981,25-01-2022,311172,79484,27
C1198,Pooja Mishra,Delhi,Premium,Salary,Active,08-08-1977,25-05-2025,370821,82779,66
C1199,Arun Sahu,Bhubaneswar,Retail,Savings,Active,18-08-1987,17-07-2023,179944,61197,38
C1200,Neha Panda,Cuttack,Premium,Current,Closed,04-07-1991,25-03-2021,76907,143876,52
C1201,Rahul Sharma,Pune,Retail,Savings,Active,12-07-1996,24-08-2024,237604,35103,5
C1202,Priya Das,Mumbai,Retail,Current,Inactive,08-04-2006,25-09-2024,89291,82215,45
C1203,Amit Kumar,Bangalore,Premium,Salary,Active,27-07-1986,05-04-2019,237050,90683,36
C1204,Sneha Patel,Delhi,Premium,Savings,Active,04-03-1977,09-01-2024,135330,86315,11
C1205,Rakesh Nayak,Bhubaneswar,Retail,Current,Closed,14-07-2006,09-02-2024,81325,70318,47
C1206,Anita Singh,Cuttack,Premium,Savings,Active,12-12-1975,07-06-2025,357618,148515,13
C1207,Sanjay Rout,Pune,Retail,Current,Inactive,23-04-1996,11-09-2021,151400,106751,60
C1208,Pooja Mishra,Mumbai,Retail,Salary,Active,26-11-2004,22-12-2019,216951,75279,37
C1209,Arun Sahu,Bangalore,Premium,Savings,Active,26-04-1991,07-05-2019,319473,42632,31
